pid,translated
micky_flanagan,Micky Flanagan
take_that_-_wonderland_live_2017,Take That - Wonderland Live 2017
good_mourning_mrs_brown,Good Mourning Mrs Brown
take_that_-_wonderland_live_2017_-_6th_june_parking,Take That - Wonderland Live 2017
depeche_mode_-_2017,Depeche Mode 2017
katy_perry,Katy Perry
micky_flanagan_-_sat_21st_oct_-_2017,Micky Flanagan
j_cole,J Cole
neil_diamond,Neil Diamond
bowie_experience_-_the_golden_years,Bowie Experience - The Golden Years
pete_tong_presents_ibiza_classics,Pete Tong Presents Ibiza Classics
blink-182,Blink 182
star_sixes_%E2%80%93_semi-finals/3rd_place/final,Star Sixes
michael_ball_and_alfie_boe_together_again,Michael Ball and Alfie Boe Together Again
23rd_national_television_awards,23rd National Television Awards
metallica,Metallica
take_that_-_wonderland_live_2017_-_12th_june,Take That - Wonderland Live 2017
katy_perry_-_2018,Katy Perry
jamiroquai,Jamiroquai
stone_free_festival_2017_ritchie_blackmore's_rainbow,Stone Free Festival 2017 Ritchie Blackmore's Rainbow
23rd_national_television_awards,23rd National Television Awards
shawn_mendes,Shawn Mendes
deep_purple,Deep Purple
star_wars_identities,Star Wars
john_bishop:_winging_it,John Bishop : Winging Out
ed_sheeran,Ed Sheeran
bluesfest_presents_daryl_hall_and_john_oates_-_2017,BluesFest
take_that_-_wonderland_live_2017_-_12th_june_parking,Take That - Wonderland Live 2017
stone_free_festival_2017_ritchie_blackmore%27s_rainbow,Stone Free Festival 2017 Ritchie Blackmore's Rainbow
lady_gaga,Lady Gaga
take_that_-_wonderland_live_2017_-_10th_june_parking,Take That - Wonderland Live 2017
take_that_-_wonderland_live_2017_-_10th_june,Take That - Wonderland Live 2017
kissworld_2017,Kissworld 2017
take_that_-_wonderland_live_2017_-_7th_june_parking,Take That - Wonderland Live 2017
take_that_-_wonderland_live_2017_-_9th_june_parking,Take That - Wonderland Live 2017
take_that_-_wonderland_live_2017_-_9th_june,Take That - Wonderland Live 2017
take_that_-_wonderland_live_2017_-_7th_june,Take That - Wonderland Live 2017
a_night_of_championship_boxing_-_july_2017,A Night of Championship Boxing 2017
c%C3%A9line_dion,Celine Dion
iron_maiden,Iron Maiden
sixties_gold,Sixties Gold
star_sixes_%E2%80%93_group_stages,Star Sixes
star_sixes_–_afternoon_session_-_group_stages,Star Sixes
star_sixes_–_afternoon_session_-_group_stages,Star Sixes
star_sixes_–_afternoon_session_-_group_stages,Star Sixes
star_sixes_–_afternoon_session_-_group_stages,Star Sixes
star_sixes_–_afternoon_session_-_group_stages,Star Sixes
star_sixes_%E2%80%93_afternoon_session_-_group_stages,Star Sixes
the_chicago_blues_brothers_jingle_blues_-_the_christmas_show,The Chicago Blues Brothers Jingle Blues - The Christmas Show
star_sixes_%E2%80%93_evening_session_%E2%80%93_quarter-finals,Star Sixes
star_sixes_–_evening_session_–_quarter-finals,Star Sixes
iron_maiden_-_27th_may_parking,Iron Maiden
above_and_beyond_-_2017,Above and Beyond - 2017
shawn_mendes_2017_-_1st_june_parking,Shawn Mendes
nick_cave_,Nick Cave
harry_styles_-_11th_april_2018,Harry Styles
harry_styles_-_12th_april_2018,Harry Styles
los_fabulosos_cadillacs,Los Fabulosos Cadillacs
the_dualers,The Dualers
star_sixes_–_group_stages,Star Sixes
emeli_sand%C3%A9,Emeli Sand
c%C3%A9line_dion_-_parking,Celine Dion
little_mix,Little Mix
alt-j,Alt-J
belinda_carlisle:_heaven_on_earth_30th_anniversary_tour,Belinda Carlisle: Heaven on Earth
star_sixes_-_13th_july,Star Sixes
star_sixes_-_16th_july,Star Sixes
take_that_-_wonderland_live_2017_-_11th_june_parking,Take That - Wonderland Live 2017
train_-_manchester,Train
Star Sixes,Star Sixes
celine_dion_-_london,Celine Dion
queens_of_the_stone_age_-_2017,Queens of the Stone Age
emeli_sand??,Emeli Sand
bros,Bros
c%C3%A9line_dion_2017_20th_june,Celine Dion
c%C3%A9line_dion_-_20th_june_2017_parking,Celine Dion
harry_styles,Harry Styles
c%C3%A9line_dion_2017_21st_june,Celine Dion
micky_flanagan_-_fri_22nd_sept_-_2017,Micky Flanagan
c%C3%A9line_dion_-_21st_june_2017_parking,Celine Dion
micky_flanagan_-_thurs_21st_sept_-_2017,Micky Flanagan
micky_flanagan_-_thurs_28th_sept_-_2017,Micky Flanagan
micky_flanagan_-_sat_14th_oct_-_2017,Micky Flanagan
bros_2017,Bros
star_sixes_ﾃ??_evening_session_ﾃ??_quarter-finals,Star Sixes
c??line_dion,Celine Dion
star_sixes_ﾃ??_group_stages,Star Sixes
star_sixes_ﾃ??_semi-finals/3rd_place/final,Star Sixes
foo_fighters,Foo Fighters
nitto_atp_finals_-_2017_evening_session_-_13th_nov,Nitto ATP Finals
sonu_nigam_-_2017,Sonu Nigam
future_-_2017,Future
linkin_park_-_2017,Linkin Park
jamiroquai_-_3rd_dec_2017,Jamiroquai
foo_fighters_-_2017,Foo Fighters
linkin_park_-_2017_parking,Linkin Park
"3_degrees,_jaki_graham,_rose_royce%E2%80%99s_gwen_dickey","3 Degrees, Jaki Graham, Rose Royce, Gwen Dickey"
magic_of_motown_2017,Magic of Motown
good_mourning_mrs_brown_-_7th_july_parking,Good Mourning Mrs Brown
a_night_of_championship_boxing_-_july_2017_parking,A Night of Championship Boxing 2017
star_sixes_ﾃ??_afternoon_session_-_group_stages,Star Sixes
"bluesfest_presents_chic,_feat._nile_rogers_-_2017",BluesFest
a_vision_of_elvis,A Vision of Elvis
star_sixes,Star Sixes
micky_flanagan_-_fri_22nd_sept_-_2017_parking,Micky Flanagan
the_killers_-_28th_november_2017,The Killers
star_sixes_-_15th_july_parking,Star Sixes
the_killers_-_27th_november_2017,The Killers
above_,Above and Beyond - 2017
star_sixes_-_14th_july,Star Sixes
a_night_of_dirty_dancing,A Night of Dirty Dancing
disney_on_ice_2017_-_22nd_evening,Disney on Ice
blink-182_-_20th_july_2017,Blink 182
blink-182_-_19th_july_2017_parking,Blink 182
star_sixes_-_14th_july_parking,Star Sixes
céline_dion,Celine Dion
céline_dion_2017_30th_july,Celine Dion
star_sixes_-_16th_july_parking,Star Sixes
the_killers,The Killers
c%C3%A9line_dion_-_30th_july_2017_parking,Celine Dion
c%C3%A9line_dion_-_29th_july_2017_parking,Celine Dion
the_killers_-_28th_november_2017_parking,The Killers
blink-182_-_19th_july_2017,Blink 182
c%C3%A9line_dion_2017_30th_july,Celine Dion
nitto_atp_finals_-_2017_afternoon_session_-_17th_nov,Nitto ATP Finals
nitto_atp_finals_-_2017_evening_session_-_16th_nov,Nitto ATP Finals
nitto_atp_finals_-_2017_semi_finals_evening_session_-_18th_nov,Nitto ATP Finals
nitto_atp_finals_-_2017_afternoon_session_-_16th_nov,Nitto ATP Finals
nitto_atp_finals_-_2017_semi_finals_afternoon_session_-_18th_nov,Nitto ATP Finals
nitto_atp_finals_-_2017_afternoon_session_-_15th_nov,Nitto ATP Finals
nitto_atp_finals_-_2017_afternoon_session_-_13th_nov,Nitto ATP Finals
steps,Steps
c%C3%A9line_dion_2017_29th_july,Celine Dion
hola_london_-_2017,Hola London
nitto_atp_finals_-_2017_afternoon_session_-_12th_nov,Nitto ATP Finals
nitto_atp_finals_-_2017_evening_session_-_17th_nov,Nitto ATP Finals
hola_london_2017_-_parking,Hola London
nitto_atp_finals_-_2017_evening_session_-_12th_nov,Nitto ATP Finals
